Volts,Energy Used
552.5727,3185.40267350821
551.30034,12974.3957684884
550.58964,22378.5352543057
550.0266,32178.839230586
549.12822,41545.0985347006
548.75286,51476.4263913473
548.40786,60763.0989208142
548.08356,70763.6571465792
547.78272,79964.4462996695
547.25004,90488.868080053
546.99888,99707.8775514239
546.75876,109210.976050188
546.52968,118464.565743454
546.31854,128540.839003527
545.91282,137889.343445616
545.72514,147288.205051104
545.53746,156714.682769944
545.35806,166315.068828118
545.19246,175935.851301773
545.02548,185518.061616792
544.70118,195110.697240211
544.55352,204671.672812925
544.39896,214273.774563922
544.26372,223880.398875706
544.11606,233456.751755081
543.8442,243037.374510421
543.72,252753.676768031
543.58338,262288.018911516
543.45918,271884.211706019
543.21906,281837.916197093
543.10314,291445.091393665
542.98998,300812.422016949
542.87406,310818.454652209
542.75952,320115.464584927
542.65464,329590.249503167
542.43522,339065.356090268
542.33034,349175.364550169
542.23788,358245.770704942
542.133,368407.899848762
542.0295,377451.699851627
541.84044,387633.837008467
541.7466,396630.410359557
541.65276,406824.333138989
541.55754,415817.826993121
541.46508,425970.402719364
541.29672,435072.155484314
541.20426,445223.132380372
541.12008,454620.069845197
541.03728,464398.603852557
540.9531,473844.335623024
540.7875,483651.519941552
540.71298,492588.688383379
540.6288,502613.890452746
540.55566,511820.002206202
540.4839,521703.390703283
540.32658,531003.973025165
540.25482,540712.990299304
540.1803,550198.47671332
540.10716,559899.876586999
540.0354,569368.276165427
539.89878,579101.121285791
539.82426,589130.438087402
539.7525,598643.318679854
539.6904,607970.808717712
539.62692,617442.120793056
539.49168,627315.205075732
539.42958,636671.470187265
539.3661,646136.157584927
539.30262,655770.279117677
539.2419,665362.476429048
539.17842,674976.038168102
539.05146,684570.907319403
539.00178,694161.125224878
538.9383,703758.961894996
538.87482,713361.288407596
538.82238,722925.480409764
538.70922,732667.570692689
538.64574,742118.801262984
538.5933,752115.077814106
538.5312,761515.35713453
538.42632,771386.379546201
538.37388,780905.627150532
538.3104,790240.716380003
538.26072,799685.179166455
538.2069,809313.846290673
538.15446,818895.041008442
538.04958,828484.532851505
537.99852,838194.09839178
537.95712,847740.42853945
537.90468,857351.460749434
537.85224,867032.81263885
537.7584,876537.617433115
537.70596,886081.426995488
537.66456,896267.434494494
537.61212,905645.767478802
537.55968,915020.280159677
537.46584,924974.602450094
537.42444,934312.804082418
537.38166,943800.02663597
537.32922,953440.421300396
537.28782,962876.380932672
537.19536,972704.814425335
537.15258,982076.057534174
537.11118,991971.332676619
537.0684,1001282.57161982
537.02838,1011267.99603152
536.9442,1020458.75686059
536.90142,1030539.45404787
536.86002,1039721.85899829
536.81724,1049764.98202785
536.77722,1059020.99092153
536.69304,1068957.59355159
536.65164,1078360.65775239
536.60886,1088164.70027353
536.57712,1097196.86320291
536.53572,1107354.67076951
536.45292,1116390.35587457
536.42256,1126552.62961954
536.37978,1135613.11683394
536.33838,1145644.78840099
536.30664,1154822.00823325
536.22384,1164781.56551094
536.1921,1174123.90920337
536.1507,1184372.51688714
536.11896,1193749.1065602
536.07618,1203389.11716827
536.01546,1212577.13657368
535.97406,1222192.62531902
535.94232,1231970.37563688
535.89954,1241483.82955858
535.8678,1250744.42786452
535.83606,1260348.85227611
535.7643,1269937.52679116
535.73394,1279544.25754099
535.7022,1289133.31000263
535.67046,1298731.35686397
535.62768,1308326.29945308
535.56558,1317948.27121243
535.53384,1327540.08516252
535.49382,1337164.19849993
535.46208,1346915.73024721
535.43034,1356909.47798414
535.36686,1366347.83613644
535.33512,1375731.37718295
535.30338,1385673.71271646
535.2744,1394984.3410772
535.24266,1404544.58386156
535.17918,1414018.950933
535.14744,1423628.1180149
535.11708,1433143.16193069
535.08534,1442792.30571371
535.0536,1452372.65169137
535.00254,1462011.99107773
534.9708,1471620.07481787
534.93906,1481212.56865197
534.90732,1490819.19395821
534.87696,1500402.49109196
534.82314,1510023.76562971
534.79278,1520465.61628538
534.76242,1529214.08321559
534.73068,1539334.87976304
534.70998,1548499.73989204
534.65754,1558843.20862322
534.6258,1567839.06891494
534.59406,1577716.21364617
534.56232,1586800.99858987
534.54162,1596819.7067218
534.4809,1605987.56037796
534.45882,1615940.6098829
534.42846,1625161.66858035
534.39672,1635035.10261365
534.37464,1644352.4236784
534.31254,1654057.48667142
534.29046,1663530.51341758
534.26148,1673341.78088757
534.24078,1683278.4039472
534.20904,1692845.24698159
534.1566,1702082.00646785
534.13452,1712214.49328766
534.10416,1721511.99495223
534.08208,1730888.34008695
534.05034,1740315.23853862
534.02964,1749946.27349369
533.97996,1759541.5650459
533.94822,1769148.39192066
533.92614,1778734.18386868
533.90544,1788325.72634908
533.8737,1797960.17351333
533.82126,1807519.23647956
533.80056,1817096.51064694
533.7702,1826784.31172318
533.7495,1836295.82239588
533.71776,1846257.53892711
533.67636,1855885.6339807
533.65566,1865271.55136496
533.62392,1875075.41000313
533.60184,1884431.6148141
533.57148,1893841.17905446
533.5287,1903472.48673915
533.49972,1913094.05515043
533.47764,1922688.86116
533.45694,1932332.34650947
533.4252,1941919.05496993
533.37276,1951559.38657559
533.35206,1961191.39766279
533.33136,1971357.04866157
533.30928,1980383.73580407
533.27754,1990577.67797055
533.23752,1999831.34687692
533.21682,2009253.85246542
533.18508,2019121.00545673
533.16438,2028455.92203366
533.14368,2037813.60674337
533.09124,2047427.56734107
533.06916,2057008.0316682
533.04846,2066602.86545335
533.02776,2076235.67265767
532.9974,2085845.81024947
532.956,2095467.23167673
532.9353,2105039.39989423
532.91322,2114634.21703507
532.89252,2124220.14410727
532.86078,2133818.19926593
532.81938,2143805.92360384
532.79868,2153132.28332601
532.7766,2163017.4970409
532.74762,2172503.3932743
532.72692,2181959.55022645
532.70484,2191398.19714936
532.66344,2201038.09625763
532.6317,2210620.7171513
532.611,2220193.78077635
532.58892,2229833.92551239
532.56822,2239385.00492202
532.52682,2248992.55205894
532.5075,2258610.24009408
532.4868,2268225.47632909
532.45506,2277787.06284671
532.41228,2287916.020476
532.39158,2297353.44677451
532.37088,2306750.10627123
532.3488,2316207.89805171
532.3281,2326060.07964973
532.29636,2335526.51946942
532.25634,2345145.97936585
532.23564,2354567.57638707
532.21494,2364435.092695
532.19424,2373737.32268664
532.17216,2383710.50389762
531.42144,2456810.4421839
531.51528,2465779.67995142
531.58704,2475795.22730193
531.59808,2484988.01884385
531.59808,2494973.3015018
531.59808,2504180.43856182
531.59808,2514064.70788468
531.58704,2523375.40909604
531.56634,2533132.62177766
531.5553,2542566.53235187
531.54564,2552383.86811335
531.52356,2561762.8137563
531.49458,2571881.47941111
531.48354,2581208.56850359
531.46284,2591161.14946393
531.4518,2600378.77239368
531.4311,2609916.0974472
531.4104,2619463.30090906
531.37866,2629097.75334545
531.35796,2638689.56614496
531.34692,2648288.83577011
531.32622,2657887.96357838
531.30552,2667473.86315432
531.27378,2677063.24420346
531.25446,2686664.26350639
531.23376,2696403.14064946
531.21306,2706388.48731398
531.19098,2715726.3599181
531.14958,2725604.92247146
531.13854,2735039.4519381
531.11784,2744574.4566877
531.09714,2754137.02087436
531.07506,2763750.44889839
531.03366,2773351.1201916
531.01434,2782940.67108859
530.99364,2792571.83057939
530.97294,2802125.17473454
530.95086,2811716.84383568
530.90946,2821324.08820798
530.88876,2831544.83975728
530.86668,2840900.0047501
530.84598,2850597.19974515
530.82528,2860243.58512312
530.7825,2870010.51132193
530.76456,2879192.27585176
530.74248,2889083.03990177
530.72178,2898056.01468403
530.70108,2908216.84034541
530.6583,2917274.2850282
530.6376,2927389.66405515
530.6169,2936455.29852102
530.59482,2946486.48057046
530.57412,2955694.41995359
530.53272,2965636.61587841
530.5134,2974863.84446644
530.4927,2985211.27632659
530.47062,2994622.86412279
530.44992,3004278.5991532
530.39748,3013441.72069645
530.37678,3023306.93887634
530.3547,3032909.16960605
530.334,3042345.42437209
530.3133,3051796.79018455
530.27052,3061394.03148611
530.25258,3070931.71983245
530.2305,3080514.39741604
530.2098,3090122.31995171
530.1891,3099680.90367534
530.13666,3109281.8928699
530.11596,3118913.6765117
530.09388,3128527.32567616
530.07318,3138097.97785418
530.05248,3147687.62001056
530.01246,3157683.55060326
529.99176,3167003.61981378
529.96968,3176975.61182692
529.93794,3186304.83488749
529.91724,3195776.72109002
529.89654,3205305.78476205
529.85376,3214901.10483876
529.83306,3224492.76034283
529.81236,3234090.01053947
529.78062,3243676.29815278
529.7613,3253271.50219521
529.7199,3262899.39959509
529.69782,3272455.32484927
529.67712,3282030.56319684
529.65642,3291703.50403185
529.63572,3301670.77257345
529.5819,3311010.78768994
529.5612,3321005.56725469
529.5405,3330350.61830175
529.51152,3339784.56604882
529.48944,3349250.56376521
529.44804,3358894.31998772
529.42734,3368441.04392835
529.40526,3378096.60164211
529.37352,3387658.17686371
529.35282,3397323.25788208
529.31142,3406830.58784642
529.28934,3416609.0215211
529.26864,3426014.52777365
529.23966,3436373.0589886
529.21896,3445177.72202725
529.17618,3455102.57500222
529.15548,3464589.67528953
529.12374,3474345.93097124
529.10304,3483926.11183966
529.08096,3493849.61333317
529.02852,3502747.65400739
529.0092,3512340.54918167
528.9885,3521957.78805255
528.9678,3531564.88298333
528.9471,3541172.89073684
528.89466,3550773.64729553
528.87258,3560351.62858553
528.85188,3569966.22282149
528.82014,3579544.90544372
528.79944,3589141.90828573
528.74838,3598846.39589439
528.72768,3608411.84565874
528.70698,3618479.43618728
528.6849,3627862.75028654
528.6642,3637774.95622293
528.61176,3647117.04528998
528.59106,3656465.95774011
528.57036,3666079.8330665
528.53862,3675647.39990988
528.51654,3685216.97735077
528.4986,3694794.42911842
528.44616,3704404.4609741
528.42408,3714059.58317408
528.40338,3723570.56239572
528.37164,3733171.88420938
528.35094,3742764.29408851
528.2985,3753201.42959838
528.27642,3762536.07083951
528.25848,3772121.58726617
528.22674,3781310.38613238
528.18396,3791710.78468793
528.16326,3800679.09573971
528.13152,3810559.23016086
528.11082,3819579.6504073
528.07908,3829703.16951192
528.05838,3838779.18172106
528.0156,3848820.07891272
527.99766,3857955.15283517
527.96592,3867894.95725228
527.94384,3877140.91742098
527.92314,3886994.30849418
527.8707,3896310.4206621
527.83896,3906078.85632263
527.81826,3916055.08554417
527.79756,3925735.60113849
527.76582,3934957.60082664
527.7258,3944400.24549401
527.69406,3954240.11894717
527.67336,3963716.59728466
527.65128,3973126.28511082
527.61954,3982722.09143368
527.5671,3992326.48331825
527.5464,4001929.24406218
527.5257,4011517.26767942
527.49534,4021073.05397274
527.47464,4030774.4902914
527.4222,4040311.09425301
527.4015,4049897.27976815
527.36976,4059586.85536939
527.34906,4069141.77255809
527.31732,4079127.20575051
527.27454,4088510.8662273
527.24556,4097991.72687847
527.22486,4107849.96884723
527.19312,4117324.69857131
527.17104,4126881.37747968
527.1393,4136271.15992698
527.08686,4145883.65631622
527.06616,4155481.28531825
527.03442,4165076.74942034
527.01372,4174681.32843811
526.98474,4184300.82233383
526.94196,4193905.64663052
526.91022,4203470.80593007
526.87848,4213038.84800386
526.85778,4223227.19155322
526.83708,4232445.52613241
526.7736,4242753.86859466
526.75428,4251690.3503329
526.73358,4261648.85743416
526.70184,4270635.18566099
526.68114,4280735.50065695
526.6287,4289807.85055709
526.59696,4299935.35530283
526.57626,4309019.05949315
526.54452,4319035.49301567
526.52244,4328230.19164981
526.47276,4338193.07369589
526.44102,4347416.80085229
526.42032,4357756.36426269
526.38858,4367168.99674494
526.35684,4376788.22345234
526.31406,4385947.03855295
526.28232,4395570.95119997
526.25334,4405284.53862718
526.23264,4414628.78388438
526.2009,4424160.8673212
526.14846,4433768.13025856
526.11672,4443357.53233997
526.09602,4452980.28156906
526.06428,4462576.18130146
526.03254,4472174.33156477
525.98148,4481802.67007169
525.96078,4491368.16623303
525.92904,4500951.52395217
525.8973,4510681.82557426
525.8766,4520744.58775391
525.81312,4530150.82293947
525.79242,4539541.89041092
525.76068,4549429.90756043
525.7317,4558739.53012333
525.70962,4568240.92723873
525.64752,4577808.21919439
525.62544,4587356.12921784
525.5937,4596915.59098413
525.56334,4606516.79911576
525.54126,4616513.27336966
525.50952,4625761.49344034
525.4488,4635760.24781633
525.4281,4644996.82683378
525.39636,4655113.3414431
525.36462,4664172.5824777
525.31218,4674453.41882102
525.28044,4683753.08974706
525.25146,4693578.14970199
525.21972,4702622.01465909
525.19902,4713048.07371885
525.16728,4721811.06134248
525.11484,4731924.48688188
525.0831,4740942.20500826
525.05136,4751141.98037844
525.01962,4760139.03055836
525.0003,4770117.18076243
524.93682,4779321.58955964
524.90646,4789247.39851634
524.87472,4800508.88250697
524.10192,4863696.67205063
524.16402,4872514.46145024
524.1861,4882361.22318903
524.19576,4892119.31897938
524.19576,4901714.10907773
524.17506,4911424.06538303
524.16402,4920960.64721961
524.15436,4930161.04399014
524.13366,4939778.52759195
524.11158,4949546.66476252
524.07018,4959049.990328
524.0481,4968695.18342393
524.0274,4978222.30166999
523.99842,4987884.10037517
523.97772,4997428.00952903
523.9239,5007069.18547394
523.9032,5016652.13768104
523.87146,5026297.14400702
523.83972,5035836.65913734
523.81902,5045899.13078463
523.76658,5055254.61064416
523.7376,5065155.13668065
523.70586,5074541.00603331
523.67412,5083989.11353967
523.65342,5093435.18455881
523.58994,5103184.25351455
523.56924,5112605.89561715
523.52646,5122378.36665308
523.50576,5131779.48260695
523.4754,5141703.76074314
523.4133,5151020.63418022
523.38156,5161157.04138508
523.34982,5170274.1768766
523.31808,5180616.49202713
523.28634,5189866.81240088
523.22562,5199224.81977739
523.19388,5209083.72444574
523.16214,5218412.99405646
523.1304,5227816.41144524
523.09866,5237385.44551363
523.03656,5246981.02546333
523.00482,5256593.72348711
522.97446,5266168.15246818
522.94272,5275778.89199497
522.91236,5285371.63645498
522.84888,5295002.58410855
522.81714,5304567.2825312
522.7854,5314159.78602339
522.75366,5323889.70911521
522.71364,5333379.70649348
522.65016,5343544.08962445
522.61842,5352990.34731126
522.58806,5362399.41569732
522.54528,5371818.60385337
522.51354,5381692.6050454
522.45282,5391166.12521985
522.41004,5400569.31560938
522.3783,5410140.53028137
522.34794,5419755.61452299
522.3162,5429325.29947513
522.27342,5438926.02617391
522.2127,5448522.86550228
522.16992,5458224.19004437
522.13956,5467739.72466061
522.10782,5477308.23166756
522.06504,5487062.48557766
522.00156,5497173.26027828
521.96154,5506534.40734639
521.9298,5515935.87445654
521.89944,5525543.45964263
521.82492,5535493.56485906
521.79318,5545150.36166404
521.75178,5554272.58535059
521.71176,5564321.90093589
521.68002,5573470.64321786
521.64828,5583322.01370989
521.57514,5592694.90719165
521.53236,5602612.30870209
521.50062,5611871.33854408
521.4606,5621557.25714665
521.42886,5631243.13969137
521.35572,5641497.50661972
521.31294,5650277.45130166
521.2812,5660258.39379641
521.24118,5669661.10336663
521.19978,5679561.41407482
521.12664,5689054.14322155
521.0949,5698352.9804564
521.05212,5707932.56239745
521.01072,5717561.17268108
520.98036,5727145.94922315
520.90722,5736741.32263506
520.86444,5746425.97255222
520.82304,5756108.52550819
520.78026,5765670.94734064
520.74852,5775233.24604035
520.6671,5784836.80874267
520.63536,5795024.3723004
520.59396,5804323.66950704
520.55118,5814207.52492432
520.5084,5823565.8630676
520.43802,5832929.17191424
520.39524,5842549.02465766
520.3635,5852346.90249048
520.3221,5861992.58361316
520.27932,5871316.7774682
520.1979,5881007.07313912
520.16616,5890634.83562599
520.12338,5900222.66464369
520.08198,5909707.1979409
520.0392,5920234.25341013
519.95778,5928919.39131299
519.915,5939015.2866373
519.88326,5948718.25401666
519.84186,5958184.43033997
519.79908,5967605.89447467
519.71766,5976989.13364119
519.67488,5986634.48469461
519.63348,5996183.84716291
519.5907,6005915.18237842
519.5493,6015462.30857326
519.4665,6024961.34411248
519.4251,6034725.59712662
519.38232,6044257.50160424
519.34092,6053855.521217
519.29814,6063374.32363421
519.21672,6073580.57858772
519.17394,6083002.74304572
519.13254,6092379.51178911
519.08976,6102206.3361037
519.04836,6111566.49128333
519.00558,6121064.1282564
518.92278,6130915.50968752
518.88138,6140407.85235634
518.8386,6149905.00537521
518.78616,6159577.08344975
518.74476,6169288.29061814
518.66196,6178693.82783643
518.62056,6188289.36102206
518.57778,6197893.70615093
518.53638,6207929.77305719
518.4936,6217327.48384475
518.40114,6227162.67866167
518.35974,6236506.25589339
518.31696,6245965.74157127
518.27556,6255571.08633869
518.23554,6265073.45761466
518.14032,6274702.19043967
518.09754,6284387.45703075
518.05614,6294091.85590905
518.01336,6303489.57754019
517.97334,6313080.54984513
517.8795,6322931.01625031
517.83672,6332957.51266545
517.78428,6342320.39325406
517.7415,6351676.9286678
517.70148,6361583.93900184
517.6173,6371008.43456901
517.56486,6380247.00094984
517.52346,6389866.10640265
517.4724,6399564.04917276
517.431,6409254.44089942
517.33578,6418686.13852187
517.293,6428287.91073543
517.2516,6438118.36269386
517.21158,6447748.22429991
517.15914,6457126.80023221
517.06392,6466707.55429052
517.02252,6476420.39517461
516.9825,6486385.43856861
516.93972,6495933.9501679
516.88728,6505606.11962177
516.79206,6515093.81415931
516.75066,6524899.78743926
516.71064,6533933.25464674
516.6582,6544187.48824814
516.61542,6553324.1913525
516.5202,6563315.04648339
516.48018,6572362.50651673
516.42774,6582938.00753799
516.38634,6591605.04348206
516.34356,6601642.13777031
516.24972,6610779.85746353
516.19866,6620755.19177694
516.15588,6630231.47336368
516.10344,6639764.88787612
516.06204,6649392.91365249
515.96958,6658934.78482163
515.91714,6668562.05658836
515.87436,6678022.0128348
515.82192,6687525.84727272
515.77914,6697146.05332081
515.72946,6706798.97450094
515.63424,6716664.92825416
515.59284,6725997.1340926
515.53902,6735552.65714838
515.49762,6745127.61768083
515.4576,6754860.13569253
515.36238,6764908.57528629
515.30994,6774386.6929006
515.26854,6783685.4322849
515.21748,6793697.12751435
515.16504,6803214.43310744
515.08086,6812534.96999088
515.02842,6822093.76563946
514.97736,6831865.40523283
514.93458,6841468.50023563
514.88214,6850919.99230274
514.7883,6860587.47924258
514.73586,6870171.66529052
514.69584,6880006.69364041
514.65306,6889967.44657286
514.60062,6899493.50927704
514.5054,6908655.86653332
514.45572,6919082.32238683
514.41294,6928171.47387929
514.3605,6937619.57346908
514.31772,6947121.93386161
514.22526,6956781.82850353
514.17282,6966122.8280358
514.12038,6976113.99151237
514.0776,6985482.7421248
514.02516,6995289.43647093
513.94374,7004530.01814767
513.8913,7014587.43107498
513.83748,7023737.39349859
513.79608,7034192.32902112
513.74364,7043566.63296913
513.65118,7053007.9332208
513.6084,7062555.59640243
513.55596,7071941.42892067
513.50352,7081408.29350806
513.45246,7091486.07567606
513.36828,7100744.24141966
513.31584,7110212.96062652
513.27444,7119811.90887899
513.22338,7129547.89673403
513.17094,7139019.30977444
513.07572,7148602.79424042
513.02328,7158186.38592498
512.9805,7168002.16925274
512.94048,7177519.49311099
512.88804,7187000.81910474
512.7942,7197183.42275955
511.81302,7276008.29100878
511.85442,7284928.61802895
511.85442,7295024.30792556
511.85442,7303876.32700199
511.81302,7313886.91175686
511.78128,7323218.64206013
511.74954,7333226.68564051
511.71918,7342261.35224085
511.68882,7352229.18527887
511.6143,7361614.58804084
511.5729,7371222.8373163
511.53012,7380766.31123629
511.48872,7390560.3586212
511.45836,7399843.48802178
511.36452,7409579.66118932
511.32174,7419662.03107248
511.28034,7429183.40111635
511.23756,7438384.51026213
511.19754,7448246.24391761
511.11336,7457665.47918935
511.07058,7467264.2905637
511.02918,7476658.54615908
510.97674,7486241.1160382
510.93672,7495858.43160342
510.85254,7505543.88839721
510.80976,7515044.39021201
510.76836,7524614.29022598
510.7173,7534253.95377425
510.6759,7543971.38653493
510.59172,7554080.74706735
510.5379,7563495.45925345
510.4965,7572887.86910705
510.45648,7583006.25489933
510.4137,7592252.77764064
510.36126,7601660.00280987
510.27708,7611150.82673281
510.23568,7620872.75904466
510.18462,7630316.96359846
510.14322,7639918.05080463
510.0894,7649571.21175225
510.00522,7659316.13715289
509.9652,7668866.90608803
509.9238,7678317.89646063
509.88102,7688081.69240155
509.78718,7698183.90642003
509.7444,7707958.06669851
509.69472,7716954.85470848
509.65194,7726465.91055495
509.61054,7736354.30824459
509.56776,7746327.43953997
509.47254,7755278.62050822
509.43252,7765478.68527657
509.39112,7774530.50535951
509.33868,7784699.48384715
509.2959,7793745.17531452
509.21448,7804052.9382376
509.16204,7812932.68381247
509.11926,7823554.34040897
509.06682,7832701.56202018
509.02404,7842644.04057194
508.94262,7851505.78160345
508.89984,7861965.93656152
508.8474,7870888.8512096
508.806,7880816.79147423
508.76322,7889933.98660401
508.67076,7899779.42423454
508.62798,7908988.34681231
508.58658,7919027.53210945
508.53414,7928382.35354305
508.49136,7937801.26769529
508.40994,7947408.62836958
508.36716,7957567.18027473
508.31472,7966746.96960216
508.27332,7976703.75323784
508.23054,7985833.09136694
508.14912,7995395.79903433
508.0953,8005375.90200808
508.0539,8014764.4769349
508.01112,8024781.89549287
507.96972,8033952.98028866
507.87726,8043470.97341807
507.83448,8053123.43940852
507.79308,8062574.71177995
507.7503,8072185.55445367
507.70062,8081824.32442486
507.61644,8091533.07623753
507.57366,8101031.82878712
507.53088,8110575.0873739
507.47844,8120219.61401567
507.43842,8129902.0358419
507.35424,8140046.17276274
507.31284,8148974.75978483
507.27006,8158947.16754317
507.22866,8168417.71716666
507.1776,8178767.68529793
507.09342,8187654.81139473
507.05202,8197106.02611959
507.00924,8206662.62323426
506.96784,8216690.45944467
506.92782,8225830.3450301
506.84364,8235820.93850643
506.78982,8244941.12777353
506.74842,8255027.94069607
506.7084,8264438.01079508
506.66562,8274435.850636
506.62422,8283588.25177348
506.54004,8293737.05808707
506.49726,8303462.85318891
506.45724,8313208.88524235
506.41584,8322104.45082273
506.32062,8332673.16226754
506.27922,8341405.20316243
506.23644,8351346.84482553
506.19642,8360330.86436281
506.15502,8370707.6340241
506.11224,8379584.1775417
506.01702,8389759.8658822
505.97562,8398773.52852264
505.94664,8408843.36000425
505.89282,8417927.72492663
505.85142,8427713.89321372
505.76724,8437175.32500036
505.72446,8447398.77292384
505.68444,8456769.55759297
505.64304,8466157.96787102
505.60026,8476077.01030459
505.51608,8485481.6382682
505.47468,8494967.58048564
505.43466,8504518.16986478
505.39188,8514125.24695084
505.35048,8523872.9502354
505.2663,8533309.97328051
505.22352,8542912.01095002
505.1835,8552707.95736545
505.1421,8562205.41619154
505.09932,8571923.58854977
505.01514,8581440.89610198
504.97374,8591422.36255099
504.93372,8600776.10619809
504.90198,8610897.98442922
504.8592,8620048.69056641
504.77502,8629637.33703612
504.73362,8639283.03198182
504.6936,8648791.79104361
504.65082,8658337.41675328
504.60942,8667914.70646595
504.52524,8677555.68658721
504.48246,8687306.87537839
504.44244,8697166.58752348
504.40104,8706318.1206803
504.35826,8716451.05721725
504.27408,8725837.49767329
504.2313,8735622.75904855
504.19128,8745191.12905025
504.14988,8754634.11348468
504.1071,8764338.24653449
504.02292,8773604.53042283
503.99118,8783426.32381806
503.95116,8792998.94577136
503.90976,8802666.5954583
503.86698,8812287.46079322
503.7828,8822022.71296587
503.7414,8831861.79021281
503.70138,8841298.67741819
503.6586,8850766.78782419
503.62824,8860500.41008555
503.54268,8870529.94240964
503.50128,8879931.47189969
503.4585,8889756.58041312
503.41848,8899114.80295111
503.37708,8908868.67229917
503.30394,8918123.7168238
503.26116,8927650.71396159
503.21838,8937372.04067174
503.17836,8946969.96131067
503.13696,8956442.03331179
503.05278,8966204.3828298
503.01,8975723.48489186
502.97964,8985224.74406406
502.93962,8994825.00352836
502.89684,9004462.66667245
502.81266,9014247.17953071
502.76988,9024218.8839109
502.72848,9033688.85961656
502.68846,9043053.4068064
502.64568,9053062.74199477
502.57254,9062271.37304195
502.53114,9071841.55739013
502.48836,9081341.31796693
502.45662,9091315.24220595
502.4166,9100538.58753057
502.3752,9110381.32906086
502.29102,9119743.55381919
502.24824,9129354.6345795
502.2165,9138932.663142
502.17648,9149399.01725554
502.0923,9158774.44656457
502.0509,9168329.40859773
502.00812,9177490.9279564
501.96672,9188015.15636591
501.93636,9196951.0318118
501.89496,9206910.25705283
501.82044,9215810.20341312
501.77904,9226178.27416399
501.73626,9235136.32746491
501.69624,9245619.44633183
501.65484,9254285.21681629
501.58032,9264452.36289838
501.53892,9273635.06750297
501.49614,9283867.61799324
501.45474,9292710.51938069
501.41472,9302430.64199216
501.33054,9312380.94689252
501.2988,9321959.05125936
501.25602,9331203.60292817
501.21462,9341562.02625168
501.18426,9350551.27904117
501.10008,9360448.6189036
501.05868,9369619.62048856
501.0159,9379463.0860826
500.98554,9388968.70570901
500.94552,9398757.91953593
500.86134,9408089.62484219
500.81856,9417743.28583227
500.77578,9427310.33196816
500.74542,9437849.97854851
500.70264,9446564.12269558
500.62122,9456603.29629764
500.58948,9465931.16561474
500.5467,9476076.18468037
500.5053,9485074.91735183
500.46252,9495123.83862369
500.39076,9504250.23188975
500.34936,9514235.5522858
500.30658,9523277.62821362
500.26518,9533497.10769379
500.23344,9542589.45363316
500.15064,9552640.26467659
500.10924,9561685.04627677
500.06646,9571391.94218116
500.03472,9581438.20083298
499.99332,9590885.25245283
499.92156,9600344.49194507
499.87878,9610103.0502521
499.0218,9682496.33007845
499.08528,9692076.50349433
499.07562,9701894.51480475
499.06458,9711315.43438809
499.04388,9721422.82580816
499.0218,9730766.83982846
498.96936,9740608.21229274
498.95142,9749968.73682735
498.91968,9759391.08002643
498.88794,9768974.42310469
498.8562,9778563.24620974
498.78168,9788168.33774646
498.75132,9797733.30034293
498.71958,9807331.64985286
498.68922,9816990.80686177
498.65748,9826583.51140044
498.58434,9836146.05566931
498.5526,9845842.76512702
498.5112,9855735.11728308
498.47946,9865181.11509408
498.4491,9874976.61803772
498.37596,9884578.94556525
498.33318,9894222.05750448
498.30282,9903340.47343015
498.27108,9913506.35884365
498.2283,9922674.17997493
498.15654,9932314.48478385
498.1248,9941859.90384156
498.0834,9951530.52432539
498.05166,9961262.66962043
498.00888,9970841.55234708
497.9385,9980226.15226046
497.90676,9989983.41877985
497.86398,9999988.35039834
497.82258,10009344.3881427
497.79084,10018753.2553406
497.71632,10028725.4181309
497.6763,10038056.1603346
497.64456,10047700.5957629
497.60316,10057187.2554978
497.57142,10066657.0053711
497.48724,10076403.0436069
497.44722,10086040.7823506
497.41548,10095742.5704827
497.37408,10105204.2920093
497.34234,10114799.6074047
497.25816,10124520.662132
497.22642,10134636.7687033
497.1864,10144075.1895302
497.14362,10153427.3046421
497.11188,10163334.8636047
497.0277,10172789.2778204
496.9863,10182241.3030889
496.95456,10192310.3077868
496.91454,10201352.9730328
496.87176,10210986.7556569
496.8414,10220692.2101786
496.76688,10230144.035055
496.72548,10239733.4396781
496.68546,10249479.9331898
496.64268,10259574.7222466
496.56954,10268948.0650406
496.52676,10278245.1875893
496.49502,10288300.9924358
496.45362,10297867.086254
496.4136,10307116.1366033
496.38186,10316632.5107898
496.29768,10326296.9157313
496.2549,10335699.1791275
496.2135,10345336.4264812
496.18452,10355041.6634215
496.14174,10364655.7457121
496.05756,10374115.8126077
496.02582,10383779.7952242
495.98442,10393360.2949758
495.9444,10403083.0485953
495.91266,10413184.1042432
495.82848,10422521.7003519
495.7857,10431878.0086693
495.7443,10442123.3717163
495.71256,10451130.1956824
495.67254,10461010.4630207
495.59802,10470087.2662882
495.55662,10480380.4352455
495.51384,10489241.8991169
495.47244,10499466.3302988
495.43242,10508564.4376275
495.3579,10518906.1965327
495.3165,10527765.8724092
495.27372,10537943.4693206
495.23232,10547146.1319626
495.20058,10557416.5035611
495.11778,10566185.8482293
495.07638,10575934.127067
495.04464,10585977.4415841
495.00324,10595473.684456
494.96046,10604793.8630106
494.8887,10614690.5484803
494.8473,10624151.6276464
494.80452,10633741.1649257
494.76312,10643263.22164
494.72034,10652720.6018986
494.63892,10662394.8288191
494.59614,10672225.7711156
494.5644,10681592.1572054
494.523,10691216.6348196
494.48022,10700742.5897218
494.3988,10710461.9555477
494.35602,10720673.2622058
494.31462,10729935.0898573
494.28288,10739329.6526442
494.2401,10749205.1444952
494.15868,10758731.807887
494.1159,10768068.9848937
494.0745,10778207.8203036
494.03172,10787282.7673327
493.99998,10797650.5608655
493.95858,10806437.9309058
493.87578,10816544.5692483
493.83438,10825831.4030634
493.7916,10836409.0144534
493.75986,10845486.9465804
493.67844,10855024.1631657
493.63566,10864178.0697779
493.59426,10874742.7277433
493.55148,10883492.0824049
493.51008,10893493.690446
493.4673,10902686.0640695
493.38588,10912810.8425086
493.3431,10921837.3914384
493.3017,10931752.0582138
493.25892,10941051.7231485
493.21752,10951126.7176611
493.13472,10960285.8923864
493.10298,10969915.7926833
493.06158,10979655.3982027
493.0188,10989727.0896281
492.93738,10999155.2088414
492.8946,11008753.4809584
492.8532,11018318.1614885
492.81042,11028382.8348637
492.76902,11037340.5598028
492.72624,11047338.1118498
492.65448,11056595.5853024
492.61308,11066650.2767933
492.5703,11075694.4894767
492.5289,11085335.2385608
492.48612,11095297.6985833
492.4047,11104688.0742331
492.36192,11115001.9631089
492.32052,11124550.104412
492.27774,11133896.3280366
492.23634,11143346.0390124
492.15354,11153310.5814333
492.11076,11162822.6563888
492.06936,11172037.4068156
492.02658,11181597.7336538
491.98518,11191234.9570809
491.90238,11200764.3428977
491.86098,11210474.9220155
491.8182,11220075.486038
491.7768,11229543.4892969
491.73402,11239168.5654719
491.6526,11248832.3589427
491.60982,11258454.5089067
491.56842,11268487.31727
491.52564,11277998.0898268
491.48424,11287526.7620021
491.40144,11297205.7765429
491.36004,11306566.8577526
491.31726,11316126.0706285
491.27586,11326034.0547624
491.22342,11335147.4928459
491.15166,11345282.0969407
491.09922,11354391.5802705
491.05644,11364439.271227
491.01366,11373517.9002137
490.97226,11384129.1763606
490.88946,11393363.3839672
490.84806,11403038.1621991
490.80528,11412011.9733299
490.75284,11422412.1825854
490.71144,11431400.8004438
490.62864,11441255.6164279
490.58724,11450428.6563752
490.54446,11460540.3201837
490.50306,11469555.0709642
490.46028,11479588.5284731
490.37886,11488956.2305633
490.33608,11499078.6568126
490.29468,11508059.3894959
490.2519,11518429.169622
490.2105,11527478.5737942
490.11666,11538080.6146882
490.07526,11546722.4276085
490.03248,11556267.6678344
489.99108,11565655.3968474
489.9483,11575462.3462038
489.90828,11584842.8946208
489.81444,11594523.0183296
489.77166,11604200.3364898
489.73026,11613874.8072341
489.68748,11623243.9400137
489.64746,11632883.1333923
489.55362,11642528.9155378
489.51084,11652641.0194641
489.46944,11662064.5777983
489.42942,11671420.8491571
489.34386,11681529.0551951
489.29142,11690744.6017388
489.25002,11700208.2241441
489.20724,11709803.2696863
489.16722,11719507.724665
489.12582,11729100.0337787
489.0306,11738435.1114077
488.9892,11748331.6244972
488.94642,11757994.9246104
488.9064,11767844.4076132
488.85396,11776921.6356885
488.76978,11787329.3694719
488.71734,11796635.646549
488.67732,11806177.8432435
488.63454,11815800.7615986
488.59314,11825195.6584302
488.49792,11834848.7250228
488.45652,11844914.1328879
488.4165,11853821.201952
488.36268,11864057.6115097
488.32128,11873215.3361956
488.2371,11883302.8031661
488.19432,11892280.2371772
488.14464,11901850.0452729
488.10186,11911468.0613456
488.04942,11921340.8255294
487.96524,11931353.3764192
487.91418,11940714.2507872
487.87278,11950677.6113579
487.83,11959991.8346301
487.7886,11969464.5151239
487.69338,11978887.4416128
487.65336,11988508.446559
487.60092,11998204.0634092
487.55952,12007732.1120401
487.51674,12017269.8964813
486.53556,12088217.6758257
486.5673,12098030.0214461
486.5673,12107635.2190065
486.55626,12117094.4055649
486.50382,12126698.7495111
486.48312,12137000.561106
486.44034,12146365.1532817
486.4224,12155870.59621
486.37962,12165283.7508253
486.31614,12174864.2542798
486.27474,12184703.0510641
486.23196,12194072.1748802
486.20022,12203476.3183333
486.1602,12213096.2922502
486.07602,12222837.6250693
486.03462,12232583.888921
485.99184,12242118.455383
485.95044,12251764.1604392
485.91042,12261483.091521
485.8359,12271053.0686557
485.7945,12280520.5000708
485.75172,12290550.3596705
485.69928,12299977.2161596
485.65926,12309542.1828853
485.58612,12319231.1700978
485.53368,12328795.9619483
485.4909,12338223.654968
485.4495,12347834.768214
485.40948,12357295.6069127
485.31426,12366935.0858654
485.27148,12376539.0447679
485.23008,12386337.6860506
485.1873,12395690.8717302
485.14728,12405370.9020998
485.05344,12414977.1064188
485.001,12424527.4022885
484.95822,12434174.7385969
484.9182,12444168.0299206
484.8768,12453566.6994543
484.83402,12462980.7958785
484.7388,12472835.699267
484.6974,12482471.7849768
484.64634,12491755.6297573
484.60494,12501297.9804365
484.56216,12510905.5411392
484.46832,12520516.8633512
484.41726,12530511.7710488
484.37448,12539942.1407604
484.33308,12549492.5172193
484.28064,12559123.5315234
484.19646,12569440.8232995
484.1454,12578947.23017
484.104,12588361.8981075
484.05018,12597733.6586957
484.00878,12607320.6805203
483.91632,12617648.9666238
483.87354,12626393.4505765
483.8211,12636272.1840759
483.7797,12645586.3080462
483.72588,12655181.6423636
483.63342,12664818.1596868
483.59202,12674441.5117782
483.53958,12683960.6708889
483.4968,12693877.3200288
483.44436,12703224.4192671
483.3519,12712944.9021404
483.30912,12723186.6893672
483.25668,12732751.6994764
483.21528,12742012.4519877
483.16422,12751323.3786797
483.069,12761270.420772
483.0276,12770765.8333478
482.97516,12780169.8977971
482.93238,12789659.0662623
482.8827,12799367.1708028
482.78748,12808893.7742186
482.73504,12818411.7042491
482.69226,12828662.3560003
482.64258,12837601.6565273
482.5998,12847673.1593474
482.50458,12856865.689659
482.45214,12866635.0259096
482.41212,12876625.5396666
482.35968,12886268.4034063
482.31828,12895374.0810005
482.21202,12905396.3191409
482.17062,12914550.1875165
482.11956,12924038.0441562
482.07816,12933562.0998512
482.02572,12943129.9702922
481.91946,12952784.0017534
481.87944,12962358.4433251
481.827,12972047.8810184
481.7856,12981731.8488669
481.73178,12991159.4453878
481.63932,13000736.4849298
481.58688,13010435.1307913
481.53444,13020443.6371445
481.482,13029981.238136
481.43922,13039389.8423303
481.34676,13048918.910318
481.29432,13058959.9238656
481.24188,13068185.1158986
481.1991,13077670.5547105
481.14942,13087280.4891217
481.09698,13096869.5721766
481.00176,13106358.1241782
480.94932,13115987.9216395
480.89826,13125633.2022949
480.85686,13135117.7879576
480.80442,13144798.2854099
480.69816,13154401.4193754
480.65814,13163996.1818937
480.6057,13173530.7896424
480.5643,13183160.8991514
480.51048,13192703.1238979
480.40836,13202734.6625383
480.35454,13212130.6238483
480.31314,13221886.3586467
480.2607,13231241.7273312
480.20826,13240702.05611
480.1158,13250369.4835651
480.06198,13259849.2637057
480.00954,13269477.9428216
479.96814,13279191.8341288
479.9157,13288936.1914107
479.8122,13298601.2452206
479.75976,13308267.0857042
479.71698,13318248.0030067
479.66454,13327536.9947784
479.62452,13337557.8771392
479.51964,13346776.4011176
479.4672,13356274.4776927
479.41338,13365707.949468
479.3637,13375546.0181161
479.32092,13384986.4452307
479.21604,13394765.8122634
479.1636,13404163.0669338
479.12358,13414154.8651247
479.07114,13423596.3112703
479.0187,13433439.1810405
478.92348,13442903.2201375
478.87242,13452802.997817
478.81998,13462518.6107465
478.76754,13472013.5445215
478.7151,13481200.3152967
478.62264,13490751.9585124
478.5702,13500446.5562999
478.51638,13510194.9167018
478.46394,13519686.5752871
478.4115,13529300.5511622
478.31904,13538865.4440444
478.2666,13548590.0842656
478.21416,13558013.444047
478.16172,13567722.5626197
478.1217,13577792.4714093
478.01544,13587183.2958226
477.963,13596745.2353756
477.91056,13606471.755791
477.87054,13615857.8112631
477.8181,13625357.0875299
477.71322,13634833.8439312
477.6594,13644448.7891738
477.60972,13654154.7266687
477.56694,13663747.3389902
477.5145,13673233.4520177
477.40962,13682821.2182234
477.35856,13692447.6795684
477.30612,13702148.9891037
477.26472,13711653.1366556
477.2109,13721598.6446541
477.10878,13731129.0157737
477.05496,13740973.0284286
477.00252,13750491.5926013
476.95008,13759652.2714221
476.9004,13769243.1274476
476.85762,13778794.7034759
476.75274,13788502.1237677
476.7003,13798222.1167197
476.64924,13807671.4159275
476.5968,13817244.3911843
476.54436,13826934.1091594
476.44914,13836413.6199856
476.39808,13846011.9808873
476.34564,13855768.6184281
476.2932,13865709.0069424
476.24076,13875070.3459059
476.13726,13885304.2867851
476.09586,13894209.8718832
476.04204,13904114.0218585
475.9896,13913245.7553107
475.93716,13923250.7883715
475.83366,13932577.3776244
475.78122,13942438.1180534
475.73982,13951675.5570999
475.68738,13961367.8255609
475.63632,13970908.5454943
475.53144,13980485.7827234
475.479,13990309.2971932
475.42518,14000232.9107676
475.38516,14009629.3894912
475.33272,14019340.9869999
475.22784,14028880.4174999
475.1754,14038275.269662
475.12434,14047756.5446931
475.0719,14057397.3833939
475.01946,14067205.2582459
474.91458,14076882.9564135
474.87456,14086264.0986896
474.82074,14095897.3407575
474.7683,14105462.4683214
474.71586,14115131.366345
474.61236,14124670.6125589
474.55992,14134680.5337493
474.50748,14144015.0990179
474.46608,14153940.4177537
474.41226,14163258.5972898
474.31014,14172903.5686668
474.2577,14182483.0660754
474.20388,14192011.4692258
474.15144,14201509.4275955
474.11142,14211305.8121638
474.00654,14220786.2203005
473.9541,14230511.1208933
473.90166,14239879.0230823
473.8506,14249840.4206122
473.79816,14259175.0665176
473.70294,14269051.1616268
473.64222,14278391.8696492
473.59944,14288507.3772412
473.547,14297856.1708455
473.49456,14308013.7178286
473.39106,14317047.1887332
473.33862,14326944.7852387
473.28618,14336136.4272011
473.23374,14345836.2148389
473.19096,14355426.2337001
473.08884,14364968.684396
473.0364,14374597.774633
472.98258,14384371.5019865
472.93014,14393721.5350581
472.89012,14403324.9108825
472.83768,14413090.0263523
472.7328,14422601.5354579
471.75162,14495248.1032621
471.8151,14504682.2449475
471.80406,14515121.1289525
471.77232,14524563.7652563
471.75162,14534074.0743444
471.70884,14543695.402008
471.63708,14553109.3764728
471.59568,14562512.0045732
471.5529,14572022.6892104
471.52116,14581529.7455617
471.47976,14591121.3489189
471.3873,14600707.5860061
471.34452,14610391.7711854
471.29208,14619892.5851787
471.25068,14629512.6122626
471.2079,14639176.0015541
471.11544,14648851.3480366
471.07266,14658297.6071341
471.02022,14668313.8124598
470.96778,14677950.5294136
470.92638,14687349.70023
470.83254,14697137.8329422
470.79114,14706507.5217687
470.7387,14716034.2093717
470.69592,14725541.1853209
470.64348,14735159.1211707
470.55102,14744768.166713
470.50824,14754485.7512311
470.4558,14763936.8051107
470.4144,14773563.5235639
470.36334,14783261.6343594
470.3109,14792670.4458402
470.21568,14802291.1842032
470.16324,14812012.4408298
470.12322,14822077.5425385
470.07078,14831640.6050967
469.97556,14840979.2771017
469.92312,14850835.9236337
469.8831,14860194.8200361
469.83066,14869733.5955087
469.78926,14879197.7549259
469.73544,14888693.2927878
469.6416,14898325.6985564
469.59054,14907932.5330592
469.5381,14917514.1734198
469.4967,14927100.2710541
469.44288,14936739.9866018
469.35042,14946530.6736249
469.29798,14955999.6261078
469.24554,14965862.6954778
469.20276,14975816.4474955
469.1103,14985414.0274051
469.05786,14995026.000255
469.00542,15004735.3846952
468.95298,15014256.4170019
468.9102,15023442.6982985
468.87018,15033304.2116543
468.7653,15042572.2628202
468.71286,15052286.8925583
468.67008,15061821.8184873
468.6204,15071449.3593185
468.56796,15081192.422968
468.47274,15090636.8993714
468.4203,15100250.3787733
468.38028,15110004.212085
468.32784,15120145.3061036
468.28506,15129506.4159798
468.18018,15139355.0110198
468.1374,15148711.6328058
468.08772,15158243.2949491
468.03528,15167713.8972139
467.9925,15177170.1522432
467.88762,15186759.2454532
467.8476,15196399.6587398
467.79516,15206137.7326704
467.75238,15215617.2566181
467.69994,15225226.5965091
467.60748,15234950.3037606
467.55504,15244480.546641
467.5026,15254592.7093852
467.45982,15264038.3764412
467.40738,15273434.3651705
467.31492,15283535.5900023
467.26248,15293130.8456063
467.2197,15302085.7646553
467.16726,15311655.9970463
467.1162,15321224.6919148
467.02236,15331353.9969464
466.96854,15340399.8339247
466.92714,15350428.4965083
466.87608,15359642.2591339
466.83468,15369867.2620844
466.7298,15378859.6298515
466.68702,15388967.3321736
466.63458,15398075.167814
466.58352,15408592.1898093
466.54212,15417277.1097812
466.43586,15427358.6503045
466.39446,15436581.1753858
466.3434,15446924.5652753
466.302,15455915.5124637
466.24956,15465792.4761998
466.20678,15474839.3625819
466.10328,15484979.3792665
466.06188,15494253.9437495
466.00944,15504208.2795038
465.96666,15513270.7346706
465.91422,15523310.8007579
465.82176,15532559.3229757
465.77898,15542547.3855567
465.72654,15551656.1069599
465.6741,15561368.1766097
465.58164,15571449.9321495
465.5292,15580747.9294305
465.48642,15590178.0341669
465.43398,15600242.477303
465.39258,15609426.2407572
465.34152,15619288.6955915
465.2463,15628538.5319326
465.19386,15638498.8636974
465.15246,15647605.9183134
465.1014,15657722.3232967
465.06,15666928.5020195
464.96478,15676991.1635313
464.91234,15686056.2900122
464.87232,15696636.1064751
464.81988,15706056.2824722
464.7771,15715523.1587509
464.67222,15724569.9442909
464.62944,15735010.1762432
464.57976,15743917.4023081
464.53698,15753965.1224602
464.48454,15762824.8400879
464.38932,15772672.5774468
464.3493,15782084.1063963
464.29686,15791716.4912003
464.25546,15801285.8926093
464.21268,15810850.2656517
464.10918,15820508.1537933
464.06778,15830195.5857652
464.01534,15839627.2985472
463.97256,15849273.6662329
463.92012,15859010.8751858
463.82766,15868951.2034322
463.78488,15878351.417982
463.73244,15888103.5611095
463.68,15897499.1235797
463.6386,15907009.5006473
463.54476,15916607.2952483
463.49232,15926889.5964077
463.45092,15935700.9230105
463.40814,15945302.1132058
463.35846,15954877.8096895
463.26324,15964608.4917191
463.2108,15974056.1506423
463.16802,15983695.8650471
463.12662,15993247.2480767
463.07556,16003041.9557308
463.03416,16012551.5117016
462.93894,16022611.932786
462.89616,16032034.3518141
462.84648,16041447.8448307
462.8037,16051342.8652071
462.70986,16060857.3948071
462.65604,16070126.0882377
462.61602,16079694.0748625
462.56358,16089268.380969
462.52218,16099073.5625732
462.46974,16108702.8995459
462.38556,16118435.2555597
462.3345,16127936.8366965
462.2931,16137862.1164066
462.23928,16147202.4617208
462.1551,16157414.6576367
462.10542,16166855.0294447
462.05298,16176420.645885
462.0102,16185675.2302298
461.9688,16196067.8331758
461.91498,16205029.4420693
461.82252,16214563.0027095
461.78112,16223962.8647949
461.72868,16233578.0404944
461.6859,16243184.8364923
461.63346,16252906.4705
461.55066,16262518.1486009
461.49822,16272752.1187387
461.45682,16281557.8020258
461.41404,16291716.4190459
461.36436,16300867.501602
461.26914,16311280.5145793
461.22636,16320499.264297
461.18496,16329988.7884567
461.13252,16339347.2361119
461.0925,16349581.436597
460.99728,16358594.6686881
460.94484,16368318.5567036
460.90206,16377650.0938076
460.86204,16387319.7983892
460.8096,16396727.9848364
460.72542,16406404.8714926
460.67298,16415918.1213195
460.63158,16425651.0048812
460.58052,16435105.2651901
460.52808,16444718.926902
460.4439,16454408.6938871
460.40112,16464387.5199523
460.35144,16473777.9683996
460.30866,16483579.2115584
460.25622,16492854.0341357
460.17204,16502345.6890039
460.1196,16512077.8549448
460.07958,16521556.7249885
460.0368,16531135.8215853
459.98436,16541237.1617516
459.88914,16550342.6520145
459.84912,16560558.1313264
459.80772,16569493.3968985
459.75528,16579515.201295
459.7125,16589325.3578953
459.61866,16598887.9630496
459.57864,16608004.4933484
459.5262,16618281.8845264
459.48342,16627259.4371613
459.44064,16636897.6912406
459.3882,16646386.3775379
459.30678,16655935.6757309
459.25434,16665570.3422484
459.21156,16675256.7418192
459.17016,16684864.4966134
459.11634,16694382.9776348
459.02388,16704055.0612973
458.98248,16713639.5279523
458.9397,16723181.9000452
458.88726,16732813.6724639
458.84724,16742345.2336185
458.7534,16752428.2673499
458.71062,16761834.4638705
458.66784,16771595.1649856
458.6154,16780999.7957672
458.57538,16790393.225379
458.48154,16800031.3589303
458.43876,16809643.2578149
458.39736,16819132.2940405
458.3463,16828867.5545659
457.2078,16893949.0910565
457.34442,16903570.8530514
457.3941,16913144.4639389
457.41618,16922776.270657
457.3941,16932878.5186833
457.3734,16942207.5475162
457.35408,16952190.8583019
457.32234,16961495.1608927
457.29198,16970954.7394143
457.2285,16980344.179211
457.18572,16990088.7365953
457.15398,16999548.3735328
457.11258,17009233.7682386
457.08222,17018720.586
456.99804,17028309.7644503
456.95664,17037917.6456188
456.91386,17047502.1274772
456.87246,17057192.3600927
456.8007,17067194.3118904
456.75792,17076654.7462088
456.71652,17086737.4956656
456.67374,17095668.1834409
456.63234,17105700.15454
456.59232,17114857.4308456
456.50814,17124425.366343
456.46536,17134030.7968312
456.42396,17143793.700004
456.38118,17153453.8500208
456.34116,17163058.0067451
456.25698,17172520.7467403
456.20454,17182112.6233318
456.16314,17191749.5243485
456.12036,17201948.5550978
456.08034,17211304.1075283
455.99616,17221178.8889768
455.94372,17230476.8243428
455.90094,17240038.6412224
455.85954,17249603.7354215
455.81952,17259111.1791139
455.73534,17268808.9263655
455.6829,17278395.3250977
455.64012,17288250.969277
455.6001,17297761.519748
455.54766,17307411.4942656
455.46348,17316813.9360218
455.42208,17327214.4848038
455.36826,17336563.2340239
455.32824,17345994.6717929
455.28684,17355278.8085468
455.19162,17365468.1717002
455.15022,17374776.4292371
455.10744,17384449.8058984
455.05776,17393490.7175409
455.01498,17403702.2172323
454.91976,17412766.570709
454.87836,17423106.6675648
454.83834,17431999.2762157
454.7859,17441995.735287
454.74312,17451255.4600885
454.64928,17461515.6388621
454.6065,17470340.7042138
454.56648,17480824.2427668
454.51404,17489947.6978179
454.47126,17499898.9789733
454.37742,17509179.0716498
454.3374,17518877.0047411
454.28496,17528090.1272035
454.24218,17538001.108093
454.20078,17547140.2250924
454.10556,17557008.032863
454.0545,17566362.6317685
454.0131,17576080.2657411
453.97032,17585605.3740443
453.91788,17595068.0829159
453.87648,17604689.1581786
453.78264,17614412.2099561
453.74124,17624414.1415383
453.6888,17633807.9367469
453.64602,17643601.1399707
453.59634,17652919.4828701
453.50112,17662446.0945198
453.45834,17672145.7338735
453.4059,17681634.8212641
453.3645,17691251.9790851
453.31344,17700857.2255232
453.21822,17710679.3302593
453.17682,17720178.4306202
453.13404,17729621.5907452
453.08436,17739227.6521209
453.04158,17749000.5984643
452.94774,17759085.9659881
452.8953,17768395.1252751
452.85252,17777851.7668252
452.8125,17787314.8963804
452.76006,17797448.929317
452.66484,17806753.7916767
452.62344,17816152.0628438
452.57238,17825769.9818934
452.53098,17835418.6510125
452.47716,17845126.280777
452.38332,17854536.6419756
452.33226,17864172.7769908
452.29086,17873876.5969067
452.23704,17883455.2548432
452.19564,17893145.7743301
452.10042,17903285.2055839
452.05074,17912682.1268058
452.00796,17922252.1812145
451.95552,17931611.1761281
451.90308,17941991.6140932
451.81062,17950746.7721778
451.76784,17960310.3748429
451.7154,17969833.1233256
451.67262,17979342.4391609
451.62018,17988949.0637616
451.52772,17998613.8855994
451.47528,18008229.0784392
451.43388,18018562.7603142
451.38006,18027368.79788
451.34004,18037488.1343321
451.2462,18046641.2633058
451.19376,18056903.0018369
451.13994,18065828.1554987
451.09854,18076393.5291645
451.04748,18085541.0148944
450.95364,18095084.6648247
450.9012,18104734.0894871
450.85842,18114648.5891369
450.80736,18123476.0253144
450.75492,18133332.9026837
450.66108,18142612.9330538
450.60726,18152381.3940429
450.56724,18161738.580491
450.5148,18171464.5189712
450.46236,18181241.753156
450.42096,18190730.0641086
450.31746,18200516.7666028
450.27468,18209981.5161972
450.22224,18220264.6103795
450.1698,18229646.2976294
450.07734,18239211.0121834
450.0249,18248661.0468668
449.98212,18258027.8849692
449.92968,18267558.565474
449.87724,18277152.852679
449.82618,18286772.9230562
449.73234,18296463.1394268
449.67852,18306434.1569061
449.62608,18315601.8738381
449.58606,18325806.1939412
449.53362,18334777.1169461
449.43978,18345320.1984134
449.38596,18353935.4258052
449.33628,18363987.1782903
449.28384,18373367.5497635
449.23002,18383359.536802
449.13618,18392741.0115428
449.08512,18401973.6429315
449.03268,18411531.2385358
448.98024,18421352.2578128
448.9278,18430794.1624107
448.83534,18440269.8851261
448.78152,18449850.1082502
448.72908,18459650.0992546
448.67664,18469071.1195391
448.63524,18478815.6910079
448.53174,18488351.0788602
448.4793,18497910.5177993
448.42686,18507942.8317252
448.37304,18517403.7281372
448.33302,18527514.0853754
448.22814,18536645.9029451
448.1757,18546049.9536028
448.12326,18555614.6805633
448.0722,18565131.9326692
448.01976,18574649.5052621
447.91488,18584267.1634764
447.86244,18593982.2114292
447.82242,18603608.8675586
447.76998,18613111.0932417
447.71616,18622607.19618
447.61128,18632267.6969407
447.56022,18642390.2605845
447.50778,18651726.7876248
447.45534,18661148.0792551
447.4029,18671001.9790047
447.2994,18680644.0005469
447.24696,18689945.6770078
447.19452,18699429.3259537
447.14208,18709036.6123365
447.08964,18718651.5215535
447.03858,18728370.2731462
446.9337,18737842.4176874
446.88126,18747424.911189
446.8302,18757046.4026844
446.78742,18766690.2880574
446.72532,18776418.9557478
446.61906,18785852.9757784
446.56938,18795860.8490266
446.51694,18805270.0613425
446.46312,18815327.7292987
446.41068,18824472.8027253
446.30856,18833864.2236073
446.25474,18843647.660805
446.2023,18853209.6119963
446.14986,18862923.1820421
446.08638,18872382.1640537
445.98426,18882002.0376064
445.93044,18891660.6014949
445.878,18901196.5885463
445.82832,18910774.4030628
445.77588,18920527.1743853
445.65996,18930564.294767
445.60614,18940095.6536975
445.55646,18949430.2430494
445.50402,18959324.515867
445.45158,18968718.3674508
445.33566,18978223.3506778
445.2846,18988036.5653653
445.23216,18997189.6867203
445.17972,19007019.9430979
445.11624,19016477.2921234
445.01274,19026074.3292957
444.9603,19035591.411392
444.90786,19045381.2469361
444.84438,19054808.7004016
444.79332,19064542.1769763
444.68844,19074572.7445962
444.62496,19083940.3581539
444.57528,19093464.0163219
444.5118,19103690.2579573
444.45936,19112720.1053329
444.35448,19122909.1723926
444.29238,19131665.3225208
444.23994,19141741.8105976
444.17646,19150814.3138906
444.12402,19161015.5451923
444.01086,19170108.0692157
443.95842,19180025.4498185
443.89494,19189178.8351421
443.8425,19199369.8027072
443.79144,19208486.67919
443.67552,19218512.5832801
443.61204,19228279.3459768
443.56236,19237920.877231
442.12992,19308424.5145775
442.32864,19318182.1392984
442.34934,19327550.6441802
442.34934,19337150.6422474
442.3383,19346690.1212746
442.32036,19356212.0068538
442.29828,19365862.4642979
442.23618,19375540.5228064
442.1934,19384994.216294
442.15062,19394624.8620431
442.10922,19404233.8549705
442.0692,19414074.9139337
441.97398,19423624.1263286
441.92154,19433107.7130844
441.88014,19443137.8003977
441.82632,19452529.5086846
441.73386,19462503.5710867
441.68142,19471808.5193253
441.62898,19481182.8748935
441.57654,19490800.2845713
441.52548,19500367.6791307
441.46338,19509847.2285562
441.35712,19519533.3622371
441.30744,19529167.2123393
441.25362,19538856.8394552
441.19152,19548272.6632705
441.13908,19557891.4712292
441.02454,19567599.6177461
440.9721,19577560.4789682
440.90862,19586981.9809883
440.85618,19596370.924625
440.79546,19606232.2735065
440.67954,19615702.3542871
440.61606,19625189.0461389
440.565,19634727.8484878
440.5029,19644434.2142812
440.43942,19653967.2490823
440.3235,19663905.2681583
440.26278,19673198.6800635
440.21034,19682770.5805019
440.14686,19692368.8768741
440.08338,19701973.5262951
439.97022,19711614.2514599
439.90674,19721612.7573857
439.84326,19730963.497827
439.78254,19740768.9801485
439.71906,19750128.4017111
439.60314,19759598.3084533
439.53138,19769275.2440251
439.46928,19778722.5568027
439.4058,19788279.9251457
439.34232,19797917.4860616
439.21812,19807846.6581105
439.15464,19817171.8398728
439.09116,19826730.1835965
439.03044,19836337.5225161
438.96696,19846028.604357
438.84138,19856073.8809946
438.78066,19865568.8540367
438.71718,19875050.0971354
438.64266,19884883.4274752
438.58056,19894395.1854452
438.45636,19903867.2668001
438.39288,19913261.6453587
438.3294,19922904.5990753
438.26868,19932436.2449735
438.2052,19942038.4272333
438.13206,19951717.0873369
437.99682,19961237.5100757
437.93334,19970845.7611818
437.86986,19980488.8128188
437.7981,19990907.1510102
437.736,19999662.5940286
437.59938,20009687.05389
437.53728,20018962.3312623
437.4738,20029214.7849166
437.40066,20038323.8001879
437.33718,20048066.5058754
437.20332,20057246.070097
437.13984,20067300.2385539
437.06532,20076630.103543
437.0046,20086484.6993941
436.93146,20095591.3642895
436.79622,20105723.4944635
436.73274,20114921.1971377
436.6596,20125389.0165258
436.58646,20134403.1830271
436.52436,20144105.991745
436.37808,20153653.6118522
436.3146,20163598.9487595
436.24284,20172434.4221496
436.16832,20182370.1592548
436.09518,20191643.8163118
435.95994,20201684.1831804
435.8868,20210868.40299
435.82332,20220548.897395
435.75156,20230035.3132546
435.67842,20239899.4853284
435.53352,20249221.3846592
435.47004,20258838.0262717
435.39552,20268413.0427911
435.32238,20278006.7009634
435.25062,20287988.7755574
435.10296,20297331.9589011
435.0312,20307270.6370531
434.95806,20316550.964746
434.88492,20325976.2049452
434.8104,20335756.1683097
434.6655,20345170.071268
434.58132,20354901.9877456
434.50956,20364511.0420474
434.43642,20374159.1074089
434.3619,20383834.3687953
434.217,20393295.0061329
434.13282,20403007.175825
434.05968,20413161.8337571
433.98792,20422334.3912523
433.9134,20432231.0932412
433.75746,20441569.4692405
433.68432,20451095.2946319
433.60014,20460655.5374507
433.52838,20470549.2761279
433.4442,20479870.2027237
433.28826,20489633.5041512
433.21512,20499082.6663648
433.13094,20509350.3916709
433.05642,20518201.9943659
432.975,20527809.6833201
432.90048,20537563.3048614
432.73488,20547750.6588895
432.66036,20557095.7395536
432.57618,20566739.9827204
432.49476,20576016.1559781
432.3264,20586068.5472168
432.2436,20595435.7334364
432.17046,20604809.0123336
432.08628,20614427.6589149
432.00348,20623859.5419678
431.9193,20633535.2406042
431.7537,20643104.6753382
431.66952,20652825.542354
431.58534,20663068.0499924
431.50254,20671916.1812955
431.41836,20681652.7853535
431.24172,20691288.9078472
431.15754,20700800.1498055
431.07336,20710307.4523763
430.99056,20720232.1417759
430.90638,20729652.2170016
430.72974,20739554.7766175
430.63452,20748797.760718
430.55034,20758427.0400694
430.46892,20767904.6209058
430.3737,20777762.3919737
430.19706,20787048.8939319
430.11288,20796994.1117294
430.02042,20806271.6148722
429.9252,20816293.3599203
429.84102,20825456.7280071
429.65334,20835756.4234788
429.5595,20845155.892224
429.4767,20854790.9042623
429.38286,20864279.9312278
429.28902,20874049.4062738
429.09996,20883146.774553
429.0075,20893284.0687723
428.91228,20902269.1776874
428.81844,20912372.8275168
428.7246,20921516.0931783
428.5383,20931688.0601857
428.44308,20940832.2953386
428.34786,20950993.4220695
428.2554,20960078.8810041
428.15052,20970780.193031
427.96284,20979237.4657707
427.85796,20989219.4968461
427.7655,20998606.3924362
427.65924,21008651.3248973
427.5654,21017874.4362888
427.36668,21027360.5797304
427.26456,21036837.285726
427.16934,21046486.8495485
427.06446,21056049.0894889
426.97062,21065558.2069415
426.86574,21075162.5582725
426.65736,21084928.0939437
426.56214,21094541.8859317
426.46002,21103982.2792765
426.35376,21113571.5808246
426.25164,21123231.2235743
426.0405,21133327.8558027
425.937,21142594.7054164
425.83212,21152044.1118204
425.72862,21161912.7383745
425.62374,21171462.5061963
425.41536,21180743.516008
425.3091,21190444.6919505
425.19594,21200135.8230098
425.09106,21209601.9813746
424.98756,21219363.3132148
424.76814,21228795.6249335
424.66326,21238377.8958492
424.54734,21247940.0906123
424.44384,21257690.1324467
424.32792,21267640.6720872
424.10988,21277225.0783226
423.99534,21286777.3425333
423.87942,21296201.8481301
423.7773,21306028.9767661
423.66138,21315449.2863877
423.43092,21324950.3304872
423.315,21334508.6053167
423.20184,21344095.7634812
423.08592,21353684.8024957
422.97276,21363296.1642796
422.73264,21372903.3263177
422.61672,21382485.8941311
422.50218,21392050.8212619
422.38764,21401748.3859629
422.26344,21412087.79908
422.0316,21421452.0663392
421.91706,21430946.1335296
421.79148,21440317.4322373
421.67694,21450228.4702516
421.55136,21459605.6251509
421.31124,21469597.3123159
421.18704,21478591.1612903
421.06008,21488833.2874136
420.93588,21497724.9454564
420.81996,21507761.740924
420.57018,21516966.8259356
420.44598,21527173.3866779
420.31902,21536118.0784284
420.19482,21545669.7112171
420.06924,21555361.9764238
419.94504,21564953.417923
419.68284,21574594.5665355
419.55726,21584546.0645239
419.43306,21593909.4415893
419.3061,21603868.8391174
419.04528,21613332.7277998
418.92108,21622629.4812092
418.78446,21632098.0435157
418.66026,21642249.3648066
416.38326,21706551.339557
416.57094,21716485.1365505
416.61372,21725871.8649799
416.58198,21735845.1809886
416.44674,21744951.6050557
416.35152,21755241.590654
416.2494,21764564.134531
416.14314,21774542.3556509
416.02722,21783928.8879542
415.7871,21793606.0038019
415.6629,21802690.3835278
415.53732,21812952.2097694
415.41312,21821954.7920145
415.2765,21831494.5896423
415.14126,21841073.527183
414.8694,21850935.749588
414.73554,21860464.2554196
414.58788,21870103.4141103
414.45264,21879671.6882037
414.17112,21889794.3199592
414.02346,21899195.0886923
413.88822,21908936.8100178
413.74332,21918281.224243
413.59566,21927766.8074294
413.45076,21937335.23476
413.1582,21946947.6385855
413.01192,21956348.5767825
412.86564,21966184.0131598
412.71936,21975690.9644411
412.5717,21985452.4083379
412.27914,21994811.3714383
412.13424,22004723.5809313
411.9783,22013994.5444628
411.83064,22024313.8236438
411.68574,22033190.5280851
411.38214,22043213.1588476
411.23724,22052949.1808916
411.07992,22062636.8193785
410.92398,22072055.1155703
410.77632,22081379.3860038
410.46444,22090793.4244098
410.31678,22100349.4390832
410.16084,22110098.1412003
410.0049,22119828.9175254
409.84758,22129344.585991
409.54398,22138848.5870543
409.38804,22148502.2907001
409.2321,22158225.9091878
409.07478,22168191.9344827
408.91884,22177577.2662636
408.60558,22187364.9287826
408.44964,22196686.7579003
408.28128,22206155.1345977
408.12534,22215936.1258822
407.9694,22225343.5719392
407.6451,22234951.8708819
407.48916,22244586.7152721
407.3208,22254399.1339242
407.16486,22263943.8989777
407.00754,22273442.1957891
406.68462,22283015.3993256
406.51626,22293339.2020159
406.34928,22302752.5687644
406.19472,22312107.1559723
406.02498,22322046.7876416
405.6924,22331408.4223701
405.52404,22340845.1257578
405.3681,22350511.2610299
405.2025,22359858.9651138
405.03414,22369484.7321074
404.70156,22379117.0694513
404.5332,22388705.8381392
404.36622,22398357.323125
404.18958,22407929.8690891
404.02122,22417473.8406471
403.68864,22427052.5750356
403.52028,22436730.8352893
403.3533,22446341.7045519
403.17666,22456180.3399444
403.0083,22465532.0593068
402.66468,22475681.3537883
402.49632,22484857.0054288
402.31968,22495365.4977288
402.1527,22504164.5611935
401.97606,22514087.3030955
401.79804,22523037.8695025
401.45442,22532731.3920504
401.27502,22542218.1171159
401.10942,22551867.3508226
400.9314,22561551.9260183
400.75338,22571060.0721119
400.39872,22580602.7298947
400.22208,22590254.8712947
400.04268,22599988.3921798
399.86604,22610441.8282888
399.6894,22619107.1385097
399.33336,22629169.4582428
399.15672,22638404.5918953
398.96904,22648971.7178037
398.79102,22658011.6449576
398.613,22667563.034201
398.2473,22676720.39016
398.05962,22686858.669724
397.88298,22696040.4044018
397.6953,22705840.4886696
397.50624,22715080.9415031
397.14192,22725143.855684
396.95424,22734270.172562
396.76518,22744185.6681213
396.5775,22753511.6172745
396.38982,22763759.3036338
396.01308,22772918.3761776
395.8254,22782604.4445346
395.62806,22792247.5987087
395.44038,22801652.806234
395.25132,22811084.369455
394.86492,22820667.9931471
394.66758,22830336.5264568
394.46886,22839888.8766378
394.2798,22849430.1020422
394.08246,22859058.9010213
393.6864,22868778.8943662
393.4863,22878380.0060464
393.28758,22887840.2595998
393.0792,22897487.6742485
392.88186,22907800.631639
392.47338,22917082.3608076
392.27604,22926403.1366715
392.06628,22936267.4133439
391.8579,22945739.6910756
391.66056,22955127.032555
391.45218,22964658.0690775
391.03266,22974257.3738844
390.82428,22983978.4236833
390.60486,22993554.1413316
390.39648,23003024.0426194
390.17844,23012688.8814405
389.74788,23022305.9701653
389.52984,23031915.8343519
389.31042,23041439.0391618
389.08134,23051097.6976673
388.6425,23061100.7904989
388.42446,23070371.1751794
388.194,23080276.3086983
387.96354,23089719.003942
387.73308,23099148.3061648
387.504,23108730.2963037
387.04446,23118238.4938215
386.80434,23127827.2801381
386.57526,23137658.3149451
386.33514,23147188.3036819
386.09502,23156728.3721275
385.61478,23166320.3077682
385.37466,23176018.2750524
385.12488,23185598.2619225
384.88476,23195163.572119
384.6336,23205254.2829023
384.13266,23214614.5909421
383.87184,23224196.5937069
383.61102,23233566.6309153
383.35986,23243421.2677048
383.09904,23252906.0968039
382.57602,23262354.6676536
382.3152,23272009.2137202
382.04334,23281654.0264631
381.77148,23291040.8109887
381.501,23301095.1766003
380.95728,23310328.6748106
380.67714,23320411.231468
380.39424,23329626.3898802
380.10168,23339431.8248971
379.82016,23348778.8746833
379.2447,23359281.9644045
378.95214,23368545.7827714
378.6513,23378100.802053
378.35874,23387617.2358419
378.05514,23397236.4473035
377.43828,23406502.7062402
377.13744,23416160.34696
376.81314,23425648.935196
376.49988,23435248.4288384
376.18524,23444956.0971007
375.5394,23454490.7811557
375.2151,23463957.7344771
374.88252,23473581.0964063
374.54718,23483285.5477724
374.20218,23492822.1940662
373.51356,23502750.118007
373.16994,23512112.1939271
372.8139,23522108.9694885
372.45786,23531486.4930147
372.10458,23540860.6373651
371.73888,23550480.793856
370.99782,23560172.0933754
370.62246,23569751.4268727
370.23468,23579344.674373
369.8607,23588846.1539116
369.46188,23598614.8704928
368.66838,23608290.6838905
368.27232,23618460.2362902
367.8666,23627766.3292552
367.44708,23637070.5723896
367.03032,23646920.3338621
366.17334,23656421.8495264
365.74554,23665744.3406356
365.30808,23675327.9635087
364.85958,23684890.8187107
364.40832,23694794.9998727
363.47958,23704243.0863206
363.01038,23713734.1687683
362.53014,23723388.3210108
362.0499,23733058.3188003
361.54896,23742717.1127255
360.54708,23752178.6385794
360.0351,23762144.1169935
359.51208,23771708.6756121
358.9794,23781435.8709534
358.43706,23790720.8555041
357.33168,23800307.5309781
356.75622,23809935.491591
356.18076,23819583.2964432
355.58736,23829133.2077611
354.9912,23838754.8421012
353.7492,23848327.1014072
353.11302,23858085.3122301
352.46442,23867642.9365902
351.80754,23877138.2135671
351.1272,23886801.2204522
349.7403,23896298.0814127
349.01994,23906216.0796603
348.27888,23915742.5800241
347.52678,23925553.9130165
346.76502,23934860.0839021
345.16698,23944418.0355249
344.34312,23954080.2211968
